user_id,full_name,email,signup_date,city
1,Raymond Richardson,floresphillip@yahoo.com,2024-08-03,Mashhad
2,Lisa Lawson,jessica70@yahoo.com,2024-07-16,Tehran
3,Sarah Ramos,walkeranthony@reyes.com,2025-01-13,Tabriz
4,Joshua Lee,nhill@yahoo.com,2025-01-27,Shiraz
5,Eric Bullock,kayla99@gmail.com,2026-04-07,Shiraz
6,Elizabeth Mendez,beckeroscar@hotmail.com,2025-07-30,Isfahan
7,Sydney Cowan,freycharles@ramos.com,2026-03-20,Mashhad
8,Jason White,reynoldsjeffrey@gmail.com,2024-05-11,Mashhad
9,Jennifer Sanchez,elizabethrichardson@hotmail.com,2023-11-15,Ahvaz
10,Lisa Kaufman,shawnjimenez@roman.com,2023-11-25,Tehran
11,Angela Silva,jay62@warner.com,2023-10-27,Tehran
12,Rachel Morgan DDS,cthompson@pearson-hardin.org,2023-09-08,Mashhad
13,Eric Baxter,melissa82@hotmail.com,2025-07-28,Shiraz
14,Katie Snyder,deanna84@gmail.com,2025-04-11,Shiraz
15,Joel Moore,hernandezcolleen@yahoo.com,2024-06-09,Tehran
16,Katherine Tucker,garciasandra@white.com,2023-06-17,Shiraz
17,Sherry Stone,williamcohen@smith.biz,2025/09/28,Ahvaz
18,Jennifer Kelly,ian28@shields.com,2025-11-11,Shiraz
19,Christopher Sanchez,matthewnichols@owen.com,2024-01-04,Qom
20,Erin Oliver,glengibson@yahoo.com,2024-12-05,Tabriz
21,Robert Gardner,uobrien@hotmail.com,2025-09-14,Tehran
22,Jackson Wong,alvarezjustin@yahoo.com,2026-02-15,Isfahan
23,Andrew Owens,ashley42@yahoo.com,2025-12-26,Ahvaz
24,Amanda Young,ftorres@ferguson.info,2026-02-13,Karaj
25,Scott King,fwalker@hotmail.com,2023-10-17,Tabriz
26,Melissa Haley,lisa01@aguirre.com,2026-04-08,Isfahan
27,Justin Best,johnsonedward@gmail.com,2025-07-28,Shiraz
28,Christopher Burgess,annaanderson@hotmail.com,2024-11-12,Karaj
29,Marcus Keller,allengary@martin.com,2025-02-10,Mashhad
30,Maureen Simmons,mdavenport@pineda-bray.biz,2025-07-23,Mashhad
31,Daniel Ray,blee@gmail.com,2024-12-20,Ahvaz
32,Katie Barrett,zeaton@conner-jensen.com,2023-06-25,Mashhad
33,Danielle Carey,avilajames@gmail.com,2025-04-16,Karaj
34,Micheal Smith,ubishop@novak-farrell.com,2025-10-12,Karaj
35,Becky Charles,sschultz@gmail.com,2026-04-15,Tabriz
36,Katrina Richardson,hughesbrittney@gmail.com,2025-12-16,Tehran
37,Alan Campbell,guerrerosarah@espinoza.biz,2025-09-13,Qom
38,Lauren Chung,blackdanielle@roberts.com,2023-11-28,Mashhad
39,Benjamin Black,sanchezanthony@hill-russell.net,2023-12-27,Ahvaz
40,Susan Maddox,martinezwilliam@yahoo.com,2024-07-12,Mashhad
41,Walter Mcdonald,flemingtimothy@hoover.com,2024-01-28,Tabriz
42,Jonathan Fox,ronaldcarlson@williams.com,2023-09-10,Karaj
43,Madison Boyd,xhill@hotmail.com,2024-05-17,Shiraz
44,Jerry King,jaredlambert@casey.com,2023-10-10,Mashhad
45,Jill Hawkins,schmidtangela@gilbert.com,2024-09-22,Tehran
46,Kelly Hall,wshannon@king-gibson.com,2026-03-21,Shiraz
47,Joseph Campbell,loriwarren@baker.info,2024-11-27,Tabriz
48,David Sandoval,xwest@cervantes-rivers.com,2023-11-22,Mashhad
49,Samuel Mercer,nicole76@mcbride.com,2025-08-01,Shiraz
50,Hector Church,ejackson@ward.com,2023-11-08,Mashhad
51,Jeffrey Mcdaniel,ramirezjamie@anthony.org,2025-10-03,Ahvaz
52,Dylan Ward,warepaul@thomas-cox.info,2025-12-03,Tabriz
53,Daniel Skinner,lbrown@yahoo.com,2023-11-28,Qom
54,Nicole Murray,zrocha@wolf.net,2025-11-11,Karaj
55,Denise Valenzuela,dlee@hotmail.com,2025-10-31,Isfahan
56,Victor Hernandez,diazjudy@reed.com,2024-01-24,Karaj
57,Noah Dorsey,cynthia50@hotmail.com,2025-01-10,Karaj
58,Doris Powell,kelleyjennifer@harris.org,2025-08-23,Shiraz
59,Derek Morris,elizabeth98@gmail.com,2023-11-16,Tabriz
60,Andrew Brown,johnathansanchez@hotmail.com,2026-01-03,Mashhad
61,Dale Lewis,angelajackson@mcclain.biz,2025-08-05,Isfahan
62,Dylan Brewer,michellebrooks@gmail.com,2026-01-26,Shiraz
63,Lisa Lopez,jeffersonzachary@rhodes.info,2024-10-30,Isfahan
64,Ruth Rodriguez,jose98@contreras-alexander.biz,2025-07-30,Qom
65,Leslie Wolfe,kcruz@gomez-suarez.com,2023-07-13,Ahvaz
66,David Holder,shelley97@davis.com,2023-09-20,Tabriz
67,Mary Scott,maynardangela@gmail.com,2025-08-24,Shiraz
68,Kara Myers,dlee@johnson.com,2026-03-05,Karaj
69,Morgan Quinn,sean19@yahoo.com,2024-12-18,Tehran
70,Martin Clark,tperez@yahoo.com,2023-05-21,Shiraz
71,Joseph Lee,madelinehernandez@anderson-holden.com,2023-08-21,Tehran
72,Kenneth Christensen,vargassamantha@collins-higgins.com,2026-04-17,Karaj
73,Cameron Kramer,cookedaniel@gmail.com,2025-10-19,Ahvaz
74,Michael Perez DVM,nicholashart@yahoo.com,2025-07-15,Tabriz
75,Eric Andrade,jeanette16@fisher-hall.com,2025-09-13,Mashhad
76,Sonya Thompson,kaylajackson@hotmail.com,2025-02-16,Shiraz
77,Tara Jones,hillerica@yahoo.com,2024-07-08,Karaj
78,Jared Smith,kweaver@taylor.com,2023-09-04,Shiraz
79,Scott Price DVM,timothy06@yahoo.com,2026-05-11,Qom
80,Anthony Fernandez,denisebarker@jimenez-brown.com,2023-09-15,Ahvaz
81,James Mcmillan,carmen91@smith-brock.com,2024-04-15,Qom
82,Karen Scott,ybaldwin@yahoo.com,2025-08-06,Isfahan
83,Donald Saunders,steven41@briggs.org,2025-02-07,Tabriz
84,Edwin Thomas,laurenwalker@weber.com,2024-12-01,Isfahan
85,Jon Cox,vlane@tate.net,2024-01-18,Shiraz
86,Marvin Patterson,peggymorales@cervantes.org,2024-09-08,Tabriz
87,Dawn Taylor MD,danielcole@davis.net,2025-06-19,Ahvaz
88,Jennifer Cervantes,tbanks@gmail.com,2026-04-11,Ahvaz
89,Sarah Foley,ucabrera@gmail.com,2024-09-28,Karaj
90,Mr. Jose Bruce MD,gillgerald@cook.com,2025-05-30,Shiraz
91,Gerald Mcgee,edwardmccullough@prince.info,2026-03-11,Isfahan
92,Eric Bishop,garrettshawn@paul.com,2023-07-04,Qom
93,Amber Johnson,zspencer@yahoo.com,2024-12-06,Mashhad
94,Matthew Miles,rosariomatthew@yahoo.com,2026-02-20,Tehran
95,Chelsea Obrien,jeffreymiller@gmail.com,2024-10-14,Mashhad
96,Paul Cantu,kevin11@yahoo.com,2023-07-01,Isfahan
97,Karen Hancock,hbrown@hotmail.com,2025-09-25,Isfahan
98,Austin Reyes,nrichardson@anderson.com,2026-01-05,Ahvaz
99,Samuel Sullivan,davissteven@young-hancock.com,2024-10-30,Mashhad
100,Christopher Johnson,kyle76@hotmail.com,2023-07-06,Ahvaz
101,Lauren Krause,chaveztristan@yahoo.com,2023-07-02,Ahvaz
102,Bryan Coleman,jennifer97@yahoo.com,2025-05-10,Qom
103,Robert Henry,devon24@hernandez.net,2023-05-28,Tabriz
104,Daniel Tucker,stuart13@stewart.net,2026-02-25,Tehran
105,Chelsea Anderson,williamcrawford@hotmail.com,2024-02-14,Mashhad
106,Cole Ellis,scotttracy@hotmail.com,2026-05-13,Tabriz
107,Shannon Frank,diane64@jordan.info,2024-11-12,Karaj
108,Latasha Morrison,mmaldonado@hotmail.com,2024-03-19,Mashhad
109,Daniel Olsen,anthonyprice@schneider-morrison.biz,2023-05-16,Tabriz
110,Amber Morgan,murphynicholas@murphy-mckee.net,2024-06-16,Ahvaz
111,Kimberly Carter,allensheryl@patel.com,2024-04-02,Isfahan
112,Andrea Graham,douglas93@fisher-nguyen.com,2024-03-16,Qom
113,Kristopher Roberts,williamphillips@cook-thompson.net,2023-11-23,Tehran
114,Jeffrey Cruz,tamarafox@hotmail.com,2025-11-11,Tabriz
115,Diane Malone,pricebrandon@fields.com,2024-05-03,Isfahan
116,Alyssa Simmons,julia09@hotmail.com,2024-10-09,Mashhad
117,Michael Terry,kristiehart@jones.biz,2024-04-16,Tabriz
118,Raven Campos,brittanymoran@hotmail.com,2024-10-14,Shiraz
119,Christopher Baker,rebecca81@davis.com,2026-03-19,Isfahan
120,Michael Kerr,jacobrobbins@yahoo.com,2026-01-18,Karaj
121,Mr. Michael Rodriguez,rnguyen@gmail.com,2023-08-31,Isfahan
122,Samantha Bentley,schmitterik@hotmail.com,2024-12-16,Tehran
123,Nicholas Allen,stevenfarrell@hotmail.com,2024-10-31,Karaj
124,Timothy Henry,tuckerchristopher@henderson.net,2025-01-20,Qom
125,John Martinez,timothyfrey@yahoo.com,2026-04-09,Tehran
126,Joy Payne,butlerjaime@clarke-green.info,2024-01-25,Mashhad
127,Darren Lin,keith94@hotmail.com,2025-11-06,Karaj
128,Michael Delacruz,ashley93@gmail.com,2023-12-14,Tabriz
129,Frank Curry,kathleenwilliams@shaw.biz,2024-01-05,Shiraz
130,Lauren Ward,davisleslie@wilson.info,2024-06-30,Tehran
131,Lauren Reyes,joshua64@chavez-kelly.net,2024-05-10,Shiraz
132,Caroline Perez,johnsonjeffrey@adams.com,2025-02-28,Mashhad
133,Randy Rogers,mccormickcharles@hotmail.com,2023-11-14,Mashhad
134,Heidi Lee,reedmelissa@yahoo.com,2025-08-25,Qom
135,Joshua Mitchell,lindsey75@hotmail.com,2025-08-24,Mashhad
136,Bruce Sutton,howardthompson@delgado-douglas.com,2024-08-27,Isfahan
137,William Merritt,wanda44@hogan.com,2025-09-26,Isfahan
138,Anthony Beck,pbaker@gmail.com,2024-08-01,Qom
139,Terri Williams,vreid@hotmail.com,2026-02-09,Isfahan
140,Todd Orozco,hayeskatherine@ramos-lopez.com,2024-10-18,Tabriz
141,Susan Anderson,charlescheryl@gmail.com,2025-02-02,Ahvaz
142,Matthew Long,fperez@gmail.com,2025-02-26,Shiraz
143,Jessica Rivers,hansenrobert@adams.biz,2025-12-10,Shiraz
144,Robert Knapp,jennifer65@gmail.com,2025-08-16,Tabriz
145,April Dudley,cmorrison@gmail.com,2025-07-17,Ahvaz
146,Michelle Robbins,dlynn@gmail.com,2025-03-05,Karaj
147,Andrew Evans,amoore@morrison.biz,2025-04-21,Qom
148,Deborah Davis MD,sharpholly@hotmail.com,2026-02-06,Qom
149,Ms. Sandra Martinez,millerphillip@hotmail.com,2025-11-16,Mashhad
150,Cory Medina,michele44@hansen.info,2026-03-22,Shiraz
151,Audrey Lambert,ahensley@hotmail.com,2024-06-04,Shiraz
152,Desiree Ross,pjohnson@benjamin-vasquez.com,2025-07-22,Mashhad
153,Shane Adams,sabrina97@gmail.com,2025-02-08,Karaj
154,Tracy Owens,shawjamie@gmail.com,2024-03-13,Tehran
155,Elizabeth Garcia,awilliams@henderson-wagner.com,2023-12-01,Shiraz
156,Jeffrey Austin,victoriagomez@gmail.com,2026-01-17,Shiraz
157,Amanda Mathews,biancacasey@yahoo.com,2026-02-13,Tehran
158,William Dodson,ann19@jacobson-watkins.com,2026-01-21,Mashhad
159,Elizabeth Lang,vincentsmith@hotmail.com,2025-01-31,Tehran
160,Ashley Morris,rachel19@yahoo.com,2025-12-18,Shiraz
161,Franklin Morris,amanda14@love-clark.org,2025-11-17,Mashhad
162,Jamie Levy,jessica11@hotmail.com,2026-01-24,Tehran
163,Julie Harris,martinezerica@castillo.com,2023-07-31,Karaj
164,Mitchell Miranda,schaefercharles@stewart.biz,2025-07-16,Mashhad
165,William Jackson,rogerskatie@yahoo.com,2025-02-22,Shiraz
166,Tammie James,jasonyoung@yahoo.com,2023-06-10,Tabriz
167,Ariel Bell,johnwood@yahoo.com,2025-12-19,Qom
168,Julie Johnson,adam20@yahoo.com,2025-06-18,Shiraz
169,Nancy Howard,rodriguezmatthew@gmail.com,2024-10-23,Isfahan
170,Teresa Murillo,vperry@barrett.org,2023-09-01,Qom
171,Claudia Chang,croth@hotmail.com,2024-05-08,Shiraz
172,Joshua Anderson,lisa02@thornton.com,2024-10-09,Qom
173,April Hughes,timothy39@vasquez.net,2024-12-14,Ahvaz
174,John Meza,qking@hotmail.com,2023-10-25,Shiraz
175,Kathryn Craig,harrismonica@price-baird.net,2025-05-20,Mashhad
176,Brett Smith,vhammond@yahoo.com,2024-04-07,Mashhad
177,Vincent Reid,johnsontyler@bradley.com,2025-12-13,Ahvaz
178,Joe Green,trevinojohn@trujillo-ramirez.com,2026-03-07,Karaj
179,Brenda Carlson,david20@boone.com,2023-10-08,Ahvaz
180,Ana Davies,ricegregory@vazquez.com,2024-04-20,Ahvaz
181,Denise Howard,amoore@gmail.com,2024-08-26,Qom
182,Scott Rivas,evanspaul@roberts.info,2025-01-26,Tehran
183,Janice Nunez,donnadawson@robertson.com,2024-05-04,Mashhad
184,Eric Allen,alexandra66@hotmail.com,2025-08-09,Tehran
185,Kelly Nichols,carpenterjack@yahoo.com,2025-07-02,Ahvaz
186,Penny Williams,christina56@delacruz.org,2025-01-01,Karaj
187,Amanda Howard,cramirez@webb-webster.org,2025-11-05,Mashhad
188,Timothy Carroll,manuel33@frank.com,2024-11-04,Shiraz
189,John York,fgriffith@french.com,2024-03-17,Shiraz
190,Veronica Turner,imiller@hotmail.com,2025-01-10,Shiraz
191,Gina Reynolds,geraldyoung@davis-brooks.info,2023-11-05,Qom
192,Bryce Perkins,samantha45@parker-luna.org,2024-01-17,Isfahan
193,Raymond Nichols,colemanjennifer@hotmail.com,2025-03-22,Ahvaz
194,Crystal Carlson,mgentry@watkins-brown.com,2024-04-27,Isfahan
195,Steven Chandler,peterparker@hotmail.com,2024-05-19,Tabriz
196,Barbara Bender,jesse78@hotmail.com,2024-05-25,Qom
197,Matthew Gomez,allisonday@hotmail.com,2026-04-02,Shiraz
198,Kimberly Wallace,donaldhickman@yahoo.com,2025-01-24,Mashhad
199,Melissa Durham,darrellwilliams@norton-brown.biz,2024-12-12,Qom
200,Brian Moore,davidbell@gmail.com,2025-05-15,Mashhad
201,Robert Harrison,garnerglen@cunningham-jordan.com,2024-08-15,Tehran
202,Jimmy Perez,martinezsean@gmail.com,2026-01-31,Tehran
203,Adam Burgess,theresa90@yahoo.com,2026-02-02,Mashhad
204,Gary Medina,wcampbell@gmail.com,2026-02-03,Shiraz
205,Deborah Morales,jeromerogers@hotmail.com,2026-01-06,Isfahan
206,Tina Decker,bowmanmegan@hotmail.com,2023-05-16,Ahvaz
207,Jorge Ho,luke05@knight.biz,2024-10-01,Qom
208,Hannah Smith,kfranklin@ross-jackson.com,2025-09-25,Qom
209,David Moore,ebranch@gmail.com,2025-04-06,Shiraz
210,Samantha Murphy,dfoley@yahoo.com,2025-11-05,Ahvaz
211,Michael Williamson,bchapman@rubio.com,2025-05-02,Tehran
212,Michael Wallace,francisalicia@rogers-sanders.net,2025-07-12,Isfahan
213,Stacy Gomez,emiller@robinson-kelley.com,2025-09-18,Ahvaz
214,Martin Rodriguez,robert79@gmail.com,2025-09-10,Tehran
215,Antonio Manning,fholmes@garza-craig.info,2024-01-02,Ahvaz
216,Isaiah Gregory,waltersjason@yahoo.com,2024-12-15,Tabriz
217,Kelli Mercer,kyle88@williams.com,2023-09-16,Qom
218,Dawn Wright,davidwalker@hotmail.com,2024-11-23,Tabriz
219,Katherine Ramirez,andersonlawrence@yahoo.com,2026-04-17,Ahvaz
220,Robert Pennington,davidsontiffany@sandoval.com,2025-10-04,Qom
221,Samantha Young,davisamber@yahoo.com,2024-04-17,Isfahan
222,Mr. Alexander Johnson,awebster@gmail.com,2025-08-22,Shiraz
223,Joseph Cox,jgilmore@warren.com,2023-09-21,Tabriz
224,Tanya Reeves,hawkinsholly@schmidt-ruiz.com,2024-03-25,Shiraz
225,Edward Mendoza,morrowkurt@yahoo.com,2023-11-26,Tehran
226,Brian Castro,christine49@yahoo.com,2023-07-16,Tehran
227,Johnny Johnson,jake18@gmail.com,2026-01-07,Karaj
228,Jerry Blair,ashley03@gmail.com,2024-08-30,Tehran
229,Marcus Burton,ayaladakota@rivera-hall.net,2026-03-27,Tehran
230,Alicia Huang,eterry@black-sullivan.org,2024-08-16,Qom
231,Terri Calhoun,chadnewman@gilbert-tucker.com,2026-05-01,Isfahan
232,Suzanne Poole,ynorman@yahoo.com,2024-11-07,Tehran
233,Amanda King,wthomas@robinson.com,2024-03-01,Mashhad
234,Karen Sutton,whitejose@hotmail.com,2023-12-29,Isfahan
235,Eric Cunningham,mcdonaldedward@downs.net,2024-03-06,Mashhad
236,Alexandria Berg,denise68@stevens.com,2025-09-14,Mashhad
237,Brent Martinez,benjaminclark@johnson.biz,2023-07-20,Shiraz
238,Lauren Miller,mitchellkristen@gmail.com,2025-06-25,Ahvaz
239,Stephen Mooney,mpotts@hotmail.com,2026-03-25,Mashhad
240,Robert Dixon,ericcraig@henson.org,2025-07-06,Shiraz
241,James Cruz,karendiaz@hotmail.com,2024-05-16,Tehran
242,Robert Castro,curtis11@gutierrez.com,2024-06-29,Mashhad
243,Matthew Smith,haileywillis@ballard-hampton.info,2026-02-25,Ahvaz
244,William Brooks,levykathy@gmail.com,2025-04-11,Karaj
245,Molly Boyd,mosleyrachel@smith.com,2026-04-02,Tabriz
246,Eric Williams,bryantkristin@hotmail.com,2025-01-23,Shiraz
247,Jason Perez,ptran@gmail.com,2023-05-27,Karaj
248,Tanya Jackson,martinrose@hotmail.com,2025-09-23,Shiraz
249,Eric Mitchell,zwong@hernandez.org,2025-11-21,Tabriz
250,Cassandra Miller,usmith@hotmail.com,2024-05-04,Ahvaz
251,Kelly Martin,saragraham@hotmail.com,2024-10-30,Isfahan
252,Taylor Trujillo,rachel77@norris-hernandez.com,2026-03-11,Tabriz
253,Seth Davis,madisonbullock@yahoo.com,2024-04-18,Qom
254,Robert Cunningham,michaellittle@yahoo.com,2025-02-06,Karaj
255,Matthew Perez,ymartinez@walker.com,2024-12-10,Mashhad
256,Carolyn Taylor,kenneth75@williams-ramos.com,2026-04-09,Tehran
257,Robert Doyle,dianesellers@hotmail.com,2023-08-14,Qom
258,Patricia Guerrero,kyle42@gmail.com,2025-02-19,Mashhad
259,Catherine Brown,cbowen@hotmail.com,2024-06-13,Mashhad
260,Stephanie Santiago,perkinspatrick@gmail.com,2026-01-30,Shiraz
261,Anthony Waller,sandratanner@kelley-holt.org,2023-08-11,Tabriz
262,Lindsey Hall,andersonrobert@williams.info,2023-08-26,Isfahan
263,Jaime Callahan,qhobbs@lopez.com,2023-07-28,Karaj
264,Julie Aguirre,owhite@small.biz,2026-03-03,Mashhad
265,Tony Porter,tina34@mclaughlin.biz,2025-08-01,Shiraz
266,Pamela Stone,davidmartinez@marsh.biz,2025-06-23,Karaj
267,Sarah Gill,grahamlucas@jones-hunt.com,2025-08-06,Tabriz
268,Heather Rice,hannahmeyer@yahoo.com,2025-06-21,Isfahan
269,Maurice Stafford,kennethcummings@gmail.com,2024-06-07,Qom
270,Tony Wilson,amber82@hotmail.com,2023-09-26,Tabriz
271,Jermaine Cox,hamptonjonathan@hotmail.com,2024-08-01,Tehran
272,Robert Baker,sscott@yahoo.com,2025-12-11,Tabriz
273,George Snyder,melanieconner@gmail.com,2024-08-08,Mashhad
274,Michael Harris,lewiskristie@leon-calderon.com,2026-01-31,Isfahan
275,Andrea Medina,jeanne46@gmail.com,2025-09-21,Tabriz
276,Lori Lindsey,yhoward@yahoo.com,2024-10-09,Mashhad
277,Benjamin Russell,tranandrew@yahoo.com,2026-02-17,Mashhad
278,Derek Bailey,mariahowell@hotmail.com,2026-02-21,Isfahan
279,Anthony Gallegos,paulascott@vazquez-harding.com,2024-09-17,Tabriz
280,Justin Obrien,phillip99@wells-esparza.com,2023-11-24,Tabriz
281,Patrick Bullock,fsullivan@hotmail.com,2026-03-17,Shiraz
282,Michael Alexander,deborah12@rodriguez.com,2023-11-21,Karaj
283,Scott Davis,martintamara@hunter.biz,2025-09-23,Shiraz
284,Jay Massey,nrussell@yahoo.com,2024-11-05,Tabriz
285,Karen Hunt,millerbrianna@petersen-lopez.com,2024-12-03,Qom
286,Jessica Sullivan,wolson@hotmail.com,2023-05-28,Tabriz
287,Lauren Martinez,wsmith@gmail.com,2023-06-12,Tehran
288,Stephanie Johnson,wrightjordan@green-hood.net,2024-02-08,Mashhad
289,Gary Meyer,rhonda16@gmail.com,2023-10-15,Ahvaz
290,Cheryl Brown,eric72@gmail.com,2023-12-17,Tabriz
291,Derek Johnson,wrightrobert@hotmail.com,2025-02-28,Tehran
292,Mr. David King,yangleslie@villa-fischer.com,2024-10-25,Tehran
293,Janice Wu,rcarter@pratt.net,2026-04-24,Karaj
294,Mary Anderson,raymondjohnson@yahoo.com,2024-03-27,Isfahan
295,Brandon Douglas,clarknicole@king-moore.com,2026-04-23,Tabriz
296,Bonnie Hansen,yrussell@yahoo.com,2025-07-27,Isfahan
297,Michael Heath,williamjohnson@gmail.com,2025-05-01,Qom
298,Charles Coleman,dkirby@yahoo.com,2025-10-10,Ahvaz
299,Tyler Jones,bgarcia@yahoo.com,2026-01-07,Tehran
300,David Stanley,bstewart@morris.com,2025-02-11,Mashhad
301,Marc Allen,rrobinson@yahoo.com,2023-09-11,Mashhad
302,Chelsea Cline,chase30@gmail.com,2025-03-12,Isfahan
303,Karen Smith,bhamilton@yahoo.com,2024-10-12,Tehran
304,Teresa Gomez DVM,zacharyhill@yahoo.com,2024-10-24,Karaj
305,Ryan Brown,peter66@smith.com,2024-02-23,Isfahan
306,Michael Hammond,gutierreznicholas@solomon-fisher.info,2024-06-29,Ahvaz
307,James Torres,lopezlisa@perry.com,2023-10-10,Isfahan
308,William Lee,qwood@gmail.com,2025-09-03,Tehran
309,Shelly Lewis,floresalicia@yahoo.com,2025-06-11,Tabriz
310,Cynthia Sims,nwade@vasquez.biz,2026-05-14,Karaj
311,Tabitha Johnson,masonmichael@burnett-salinas.biz,2025-05-14,Tehran
312,Shannon Bradley,patricia59@hotmail.com,2023-07-28,Karaj
313,Carl Bennett,joseph58@gmail.com,2024-09-14,Shiraz
314,Trevor Miller,jwelch@larson.biz,2025-03-29,Shiraz
315,Dale Schmidt,yvincent@yahoo.com,2025-01-22,Mashhad
316,Ruth Alvarez,ramoslynn@gmail.com,2023-07-24,Karaj
317,Lori Davis,angelatravis@reyes-ali.net,2023-10-22,Ahvaz
318,Sylvia Andrews,joshua10@yahoo.com,2023-06-20,Isfahan
319,Brooke Mckee,tyler67@gmail.com,2024-02-04,Shiraz
320,Samuel Clark,qreed@hotmail.com,2025-06-16,Isfahan
321,Michael Hoover,kevinthomas@hotmail.com,2023-11-06,Isfahan
322,Cynthia Barr,wpierce@obrien.com,2024-01-28,Ahvaz
323,Mariah Hunter,marialutz@yahoo.com,2026-02-09,Tehran
324,Andrew Hudson,timothysanders@hotmail.com,2024-10-15,Isfahan
325,Theresa Hill,christopher68@hotmail.com,2023-12-21,Karaj
326,James Long,ijimenez@cantrell.com,2025-05-12,Ahvaz
327,Troy English,xjohnson@yahoo.com,2025-10-16,Shiraz
328,Katherine Decker,vgonzalez@yahoo.com,2026-04-05,Tabriz
329,Pamela Rowe,jamestammy@ross-parker.com,2026-03-30,Isfahan
330,Peter Hodges,rcruz@harding.com,2023-06-23,Mashhad
331,Christopher Long,jose36@washington.com,2023-09-21,Ahvaz
332,Adam Freeman,ashleythomas@chase.com,2023-06-02,Tehran
333,Jessica Wilkins,jacksontheresa@weaver-moran.com,2023-09-12,Qom
334,Howard Key,william44@rodriguez-martin.net,2025-02-26,Shiraz
335,William Leonard,samuel80@baker.org,2023-10-22,Shiraz
336,Jennifer Benton,paulamassey@hotmail.com,2026-03-04,Qom
337,William Leon,robinsonjoy@young.com,2024-02-20,Karaj
338,Kenneth Chambers,mary68@hotmail.com,2024-08-15,Tabriz
339,Molly Mcdowell,robert07@gmail.com,2024-06-03,Shiraz
340,Alexander Barry,lauragray@rodriguez.net,2026-05-11,Shiraz
341,Crystal Wilson,alexis89@reid.biz